<?xml version="1.0"?>
<!--<!DOCTYPE metadata SYSTEM "http://www.esri.com/metadata/esriprof80.dtd">-->
<metadata xml:lang="pt"><Esri><CreaDate>20081114</CreaDate><CreaTime>10181700</CreaTime><SyncOnce>FALSE</SyncOnce><SyncDate>20081124</SyncDate><SyncTime>14320700</SyncTime><ModDate>20081124</ModDate><ModTime>14324700</ModTime><DataProperties><lineage><Process Name="FeatureClassToFeatureClass_2" ToolSource="D:\Arquivos de programas\ArcGIS\ArcToolbox\Toolboxes\Conversion Tools.tbx\FeatureClassToFeatureClass" Date="20080312" Time="162920">FeatureClassToFeatureClass D:\Correcao.mdb\Geografica\BaciasFinal D:\Mirelle_Ruy.mdb\GCS BaciasFinal # "grande_bac grande_bac true true false 60 Text 0 0 ,First,#,D:\Correcao.mdb\Geografica\BaciasFinal,grande_bac,-1,-1;bacia bacia true true false 60 Text 0 0 ,First,#,D:\Correcao.mdb\Geografica\BaciasFinal,bacia,-1,-1;sub_bacia sub_bacia true true false 60 Text 0 0 ,First,#,D:\Correcao.mdb\Geografica\BaciasFinal,sub_bacia,-1,-1;Distance Distance true true false 8 Double 0 0 ,First,#,D:\Correcao.mdb\Geografica\BaciasFinal,Distance,-1,-1" # D:\Mirelle_Ruy.mdb\GCS\BaciasFinal</Process><Process Name="FeatureClassToFeatureClass_10" ToolSource="D:\Arquivos de programas\ArcGIS\ArcToolbox\Toolboxes\Conversion Tools.tbx\FeatureClassToFeatureClass" Date="20080407" Time="173329">FeatureClassToFeatureClass D:\Mirelle_Ruy.mdb\GCS\BaciasFinal D:\BD_Atlas\Atlas.mdb\TemasGCS BaciasHidrograficas # "grande_bac grande_bac true true false 60 Text 0 0 ,First,#,D:\Mirelle_Ruy.mdb\GCS\BaciasFinal,grande_bac,-1,-1;bacia bacia true true false 60 Text 0 0 ,First,#,D:\Mirelle_Ruy.mdb\GCS\BaciasFinal,bacia,-1,-1;sub_bacia sub_bacia true true false 60 Text 0 0 ,First,#,D:\Mirelle_Ruy.mdb\GCS\BaciasFinal,sub_bacia,-1,-1;Distance Distance true true false 8 Double 0 0 ,First,#,D:\Mirelle_Ruy.mdb\GCS\BaciasFinal,Distance,-1,-1" # D:\BD_Atlas\Atlas.mdb\TemasGCS\BaciasHidrograficas</Process><Process ToolSource="C:\Arquivos de programas\ArcGIS\ArcToolbox\Toolboxes\Data Management Tools.tbx\CopyFeatures" Date="20080611" Time="093233">CopyFeatures D:\temporarios\Atlas.mdb\TemasGCS\BaciasHidrograficas D:\temporarios\Atlas_Shapes\TemasGCS\BaciasHidrograficas.shp # 0 0 0</Process></lineage></DataProperties><MetaID>{6D4E1D48-AEC8-4CC5-8EB6-CF368F977158}</MetaID></Esri><idinfo><native Sync="TRUE">Microsoft Windows XP Version 5.1 (Build 2600) Service Pack 2; ESRI ArcCatalog 9.2.0.1324</native><descript><langdata Sync="TRUE">pt</langdata><abstract>Plano de informação de regiões fitoecológicas, na escala 1:1.000.000, referente ao território tocantinense. Constituído a partir da  revisão, compatibilização e uniformização das minutas originais do Projeto RADAMBRASIL na escala 1:250.000.</abstract><purpose>Produto gerado pela Empresa Brasileira de Pesquisa Agropecuária (Embrapa) no escopo do Projeto Zoneamento Agroecológico, no âmbito do Programa de Gerenciamento da Malha Rodoviária Estadual financiado pelo Banco Internacional para Reconstrução e Desenvolvimento (BIRD) e Tesouro do Estado do Tocantins. Arquivo editado pela equipe técnica da Diretoria de Zoneamento Ecológico-Econômico (DZE) da Secretaria do Planejamento (Seplan) do Estado do Tocantins, empregando ferramentas do Laboratório de Geoprocessamento e Sensoriamento Remoto.</purpose><supplinf>Este plano de informação integra a Base de Dados Geográficos do Tocantins.</supplinf></descript><citation><citeinfo><origin>Diretoria de Zoneamento Ecológico-Econômico, Secretaria do Planejamento e Meio Ambiente.</origin><pubdate>2000</pubdate><ftname Sync="TRUE">Regioes_Fitoecologicas</ftname><geoform Sync="TRUE">vector digital data</geoform><onlink Sync="TRUE">\\ROD\E$\Trabalhos_DZE\Atlas_shapes_2008_edicao_metadados\Atlas_shapes_2008_final\TemasGCS_2008_final\Regioes_Fitoecologicas.shp</onlink><othercit>Tocantins. Base de Dados Geográficos. Palmas: Seplan.</othercit><title Sync="TRUE">Regioes_Fitoecologicas</title></citeinfo></citation><timeperd><current>REQUIRED: The basis on which the time period of content information is determined.</current><timeinfo><sngdate><caldate>REQUIRED: The year (and optionally month, or month and day) for which the data set corresponds to the ground.</caldate></sngdate></timeinfo></timeperd><status><progress>Completo</progress><update>Indefinido</update></status><spdom><bounding><westbc Sync="TRUE">-50.757996</westbc><eastbc Sync="TRUE">-45.695356</eastbc><northbc Sync="TRUE">-5.165379</northbc><southbc Sync="TRUE">-13.462382</southbc></bounding><lboundng><leftbc Sync="TRUE">-50.757996</leftbc><rightbc Sync="TRUE">-45.695356</rightbc><bottombc Sync="TRUE">-13.462382</bottombc><topbc Sync="TRUE">-5.165379</topbc></lboundng></spdom><keywords><theme><themekt>REQUIRED: Reference to a formally registered thesaurus or a similar authoritative source of theme keywords.</themekt><themekey>1. Regiões Fitoecológicas - Tocantins. 2. Recursos Naturais - Tocantins. 3. Base de Dados Geográficos - Tocantins.</themekey></theme></keywords><accconst>Direitos de produção e reprodução reservados.</accconst><useconst>Qualquer reprodução total ou parcial deste dado só será permitida com autorização da DZE/Seplan e respectivo crédito.</useconst><natvform Sync="TRUE">Shapefile</natvform><ptcontac><cntinfo><cntorgp><cntorg>Diretoria de Zoneamento Ecológico-Econômico, Superintendência de Planejamento e Gestão Central de Políticas Públicas, Secretaria do Planejamento</cntorg></cntorgp><cntaddr><city>Palmas</city><state>Tocantins</state><country>Brasil</country><address>AANO - Esplanada das Secretarias, s/n, Centro</address><postal>77.010-040</postal></cntaddr><cntfax>(63) 3218.1158 - 3218.1098</cntfax><cntemail>imprensa@seplan.to.gov.br</cntemail><cnttdd>(63) 3218.1174 - 3218.1150</cnttdd></cntinfo></ptcontac><crossref><citeinfo><origin>Diretoria de Zoneamento Ecológico-Econômico, Superintendência de Planejamento e Gestão Central de Políticas Públicas, Secretaria do Planejamento</origin><pubdate>2008</pubdate></citeinfo></crossref></idinfo><dataIdInfo><envirDesc Sync="TRUE">Microsoft Windows XP Version 5.1 (Build 2600) Service Pack 2; ESRI ArcCatalog 9.2.0.1324</envirDesc><dataLang><languageCode Sync="TRUE" value="pt"></languageCode></dataLang><idCitation><resTitle Sync="TRUE">Regioes_Fitoecologicas</resTitle><presForm><PresFormCd Sync="TRUE" value="005"></PresFormCd></presForm></idCitation><spatRpType><SpatRepTypCd Sync="TRUE" value="001"></SpatRepTypCd></spatRpType><dataExt><geoEle><GeoBndBox esriExtentType="native"><westBL Sync="TRUE">-50.757996</westBL><eastBL Sync="TRUE">-45.695356</eastBL><northBL Sync="TRUE">-5.165379</northBL><southBL Sync="TRUE">-13.462382</southBL><exTypeCode Sync="TRUE">1</exTypeCode></GeoBndBox></geoEle></dataExt><geoBox esriExtentType="decdegrees"><westBL Sync="TRUE">-50.757996</westBL><eastBL Sync="TRUE">-45.695356</eastBL><northBL Sync="TRUE">-5.165379</northBL><southBL Sync="TRUE">-13.462382</southBL><exTypeCode Sync="TRUE">1</exTypeCode></geoBox></dataIdInfo><metainfo><langmeta Sync="TRUE">pt</langmeta><metstdn Sync="TRUE">FGDC Content Standards for Digital Geospatial Metadata</metstdn><metstdv Sync="TRUE">FGDC-STD-001-1998</metstdv><mettc Sync="TRUE">local time</mettc><metc><cntinfo><cntorgp><cntper>REQUIRED: The person responsible for the metadata information.</cntper><cntorg>Diretoria de Zoneamento Ecológico-Econômico, Superintendência de Planejamento e Gestão Central de Políticas Públicas, Secretaria do Planejamento</cntorg></cntorgp><cntaddr><addrtype>REQUIRED: The mailing and/or physical address for the organization or individual.</addrtype><city>Palmas</city><state>Tocatins</state><postal>CEP: 77.001-002</postal><country>Brasil</country><address>AANO - Esplanada das Secretarias, s/n, Centro</address></cntaddr><cntvoice>REQUIRED: The telephone number by which individuals can speak to the organization or individual.</cntvoice><cnttdd>(63) 3218.1158 - 3218.1098</cnttdd><cntfax>(63) 3218.1158 - 3218.1098</cntfax><cntemail>imprensa@seplan.to.gov.br</cntemail></cntinfo></metc><metd Sync="TRUE">20081124</metd><metextns><onlink Sync="TRUE">http://www.esri.com/metadata/esriprof80.html</onlink><metprof Sync="TRUE">ESRI Metadata Profile</metprof></metextns></metainfo><mdLang><languageCode Sync="TRUE" value="pt"></languageCode></mdLang><mdStanName Sync="TRUE">ISO 19115 Geographic Information - Metadata</mdStanName><mdStanVer Sync="TRUE">DIS_ESRI1.0</mdStanVer><mdChar><CharSetCd Sync="TRUE" value="004"></CharSetCd></mdChar><mdHrLv><ScopeCd Sync="TRUE" value="005"></ScopeCd></mdHrLv><mdHrLvName Sync="TRUE">dataset</mdHrLvName><distinfo><resdesc Sync="TRUE">Downloadable Data</resdesc><stdorder><digform><digtinfo><transize Sync="TRUE">1,733</transize><dssize Sync="TRUE">1,733</dssize></digtinfo></digform></stdorder></distinfo><distInfo><distributor><distorTran><onLineSrc><orDesc Sync="TRUE">002</orDesc><linkage Sync="TRUE">file://\\ROD\E$\Trabalhos_DZE\Atlas_shapes_2008_edicao_metadados\Atlas_shapes_2008_final\TemasGCS_2008_final\Regioes_Fitoecologicas.shp</linkage><protocol Sync="TRUE">Local Area Network</protocol></onLineSrc><transSize Sync="TRUE">1,733</transSize></distorTran><distorFormat><formatName Sync="TRUE">Shapefile</formatName></distorFormat></distributor></distInfo><spdoinfo><direct Sync="TRUE">Vector</direct><ptvctinf><esriterm Name="Regioes_Fitoecologicas"><efeatyp Sync="TRUE">Simple</efeatyp><efeageom Sync="TRUE">Polygon</efeageom><esritopo Sync="TRUE">FALSE</esritopo><efeacnt Sync="TRUE">465</efeacnt><spindex Sync="TRUE">TRUE</spindex><linrefer Sync="TRUE">FALSE</linrefer></esriterm><sdtsterm Name="Regioes_Fitoecologicas"><sdtstype Sync="TRUE">G-polygon</sdtstype><ptvctcnt Sync="TRUE">465</ptvctcnt></sdtsterm></ptvctinf></spdoinfo><spref><horizsys><cordsysn><geogcsn Sync="TRUE">GCS_South_American_1969</geogcsn></cordsysn><geograph><geogunit Sync="TRUE">Decimal degrees</geogunit><latres Sync="TRUE">0.000000</latres><longres Sync="TRUE">0.000000</longres></geograph><geodetic><horizdn Sync="TRUE">D_South_American_1969</horizdn><ellips Sync="TRUE">GRS_1967_Truncated</ellips><semiaxis Sync="TRUE">6378160.000000</semiaxis><denflat Sync="TRUE">298.250000</denflat></geodetic></horizsys><vertdef><altsys><altenc Sync="TRUE">Explicit elevation coordinate included with horizontal coordinates</altenc><altres Sync="TRUE">0.000100</altres></altsys></vertdef></spref><refSysInfo><RefSystem><refSysID><identCode Sync="TRUE">GCS_South_American_1969</identCode></refSysID></RefSystem></refSysInfo><spatRepInfo><VectSpatRep><topLvl><TopoLevCd Sync="TRUE" value="001"></TopoLevCd></topLvl><geometObjs Name="Regioes_Fitoecologicas"><geoObjTyp><GeoObjTypCd Sync="TRUE" value="001"></GeoObjTypCd></geoObjTyp><geoObjCnt Sync="TRUE">465</geoObjCnt></geometObjs></VectSpatRep></spatRepInfo><eainfo><detailed Name="Regioes_Fitoecologicas"><enttyp><enttypl Sync="TRUE">Regioes_Fitoecologicas</enttypl><enttypt Sync="TRUE">Feature Class</enttypt><enttypc Sync="TRUE">465</enttypc></enttyp><attr><attrlabl Sync="TRUE">FID</attrlabl><attalias Sync="TRUE">FID</attalias><attrtype Sync="TRUE">String</attrtype><attwidth Sync="TRUE">150</attwidth><attrdef Sync="TRUE">Internal feature number.</attrdef><attrdefs Sync="TRUE">ESRI</attrdefs><attrdomv><udom Sync="TRUE">Sequential unique whole numbers that are automatically generated.</udom></attrdomv></attr><attr><attrlabl Sync="TRUE">Shape_Leng</attrlabl><attalias Sync="TRUE">Shape_Leng</attalias><attrtype Sync="TRUE">Float</attrtype><attwidth Sync="TRUE">19</attwidth><atnumdec Sync="TRUE">11</atnumdec></attr><attr><attrlabl Sync="TRUE">VEGETACAO</attrlabl><attalias Sync="TRUE">VEGETACAO</attalias><attrtype Sync="TRUE">String</attrtype><attwidth Sync="TRUE">6</attwidth></attr><attr><attrlabl Sync="TRUE">Shape</attrlabl><attalias Sync="TRUE">Shape</attalias><attrtype Sync="TRUE">String</attrtype><attwidth Sync="TRUE">60</attwidth><attrdef Sync="TRUE">Feature geometry.</attrdef><attrdefs Sync="TRUE">ESRI</attrdefs><attrdomv><udom Sync="TRUE">Coordinates defining the features.</udom></attrdomv></attr><attr><attrlabl Sync="TRUE">Shape_Area</attrlabl><attalias Sync="TRUE">Shape_Area</attalias><attrtype Sync="TRUE">String</attrtype><attwidth Sync="TRUE">50</attwidth><attrdef Sync="TRUE">Area of feature in internal units squared.</attrdef><attrdefs Sync="TRUE">ESRI</attrdefs><attrdomv><udom Sync="TRUE">Positive real numbers that are automatically generated.</udom></attrdomv></attr><attr><attrlabl Sync="TRUE">DESCRIçãO_</attrlabl><attalias Sync="TRUE">DESCRIçãO_</attalias><attrtype Sync="TRUE">String</attrtype><attwidth Sync="TRUE">60</attwidth></attr><attr><attrlabl Sync="TRUE">REGIõES_FI</attrlabl><attalias Sync="TRUE">REGIõES_FI</attalias><attrtype Sync="TRUE">Float</attrtype><attwidth Sync="TRUE">19</attwidth><atnumdec Sync="TRUE">11</atnumdec></attr><attr><attrlabl Sync="TRUE">CLASSES</attrlabl><attalias Sync="TRUE">CLASSES</attalias><attrtype Sync="TRUE">Float</attrtype><attwidth Sync="TRUE">19</attwidth><atnumdec Sync="TRUE">11</atnumdec></attr></detailed></eainfo><mdDateSt Sync="TRUE">20081124</mdDateSt><dataqual><lineage><procstep><procdesc Sync="TRUE">Dataset copied.</procdesc><srcused Sync="TRUE">E:\Temporarios\Bases_Novas\TemasGCS\sub bacias hidrograficas</srcused><date Sync="TRUE">20080625</date><time Sync="TRUE">11552500</time></procstep><procstep><procdesc Sync="TRUE">Dataset copied.</procdesc><srcused Sync="TRUE">E:\Temporarios\Bases_Novas\TemasGCS\bacias hidrograficas</srcused><date Sync="TRUE">20080715</date><time Sync="TRUE">11475800</time></procstep><procstep><procdesc Sync="TRUE">Dataset moved.</procdesc><srcused Sync="TRUE">E:\Temporarios\bacias hidrograficas</srcused><date Sync="TRUE">20080715</date><time Sync="TRUE">11482600</time></procstep><procstep><procdesc Sync="TRUE">Dataset copied.</procdesc><srcused Sync="TRUE">E:\Temporarios\Atlas_shapes_2008_final\TemasGCS_2008_final\bacias hidrograficas</srcused><date Sync="TRUE">20080717</date><time Sync="TRUE">10430600</time></procstep><procstep><procdesc Sync="TRUE">Dataset moved.</procdesc><srcused Sync="TRUE">E:\Temporarios\Atlas_shapes_2008_final\TemasGCS_2008_final\bacias hidrograficasCopy</srcused><date Sync="TRUE">20080717</date><time Sync="TRUE">10431000</time></procstep><procstep><procdesc Sync="TRUE">Dataset moved.</procdesc><srcused Sync="TRUE">E:\Temporarios\Atlas_shapes_2008_final\Geografica_2008_final\bacias hidrograficasCopy</srcused><date Sync="TRUE">20080717</date><time Sync="TRUE">15001600</time></procstep><procstep><procdesc Sync="TRUE">Dataset moved.</procdesc><srcused Sync="TRUE">E:\Temporarios\Atlas_shapes_2008_final\bacias hidrograficasCopy</srcused><date Sync="TRUE">20080717</date><time Sync="TRUE">15011400</time></procstep><procstep><procdesc Sync="TRUE">Dataset copied.</procdesc><srcused Sync="TRUE">D:\temporarios\Atlas_shapes_2008_edicao_metadados\Atlas_shapes_2008_final\Metadado_em_elaboracao\Geologia</srcused><date Sync="TRUE">20081114</date><time Sync="TRUE">09521900</time></procstep><procstep><procdesc Sync="TRUE">Dataset copied.</procdesc><srcused Sync="TRUE">D:\temporarios\Atlas_shapes_2008_edicao_metadados\Atlas_shapes_2008_final\TemasGCS_2008_final\Geologia</srcused><date Sync="TRUE">20081114</date><time Sync="TRUE">10101300</time></procstep><procstep><procdesc Sync="TRUE">Dataset copied.</procdesc><srcused Sync="TRUE">D:\temporarios\Atlas_shapes_2008_edicao_metadados\Atlas_shapes_2008_final\Metadado_em_elaboracao\Regioes_Fitoecologicas</srcused><date Sync="TRUE">20081114</date><time Sync="TRUE">10181700</time></procstep></lineage></dataqual></metadata>
